coordinate,svf
"684999.75,4929999.75",1.0
"685000.25,4929999.75",0.9930278594873079
"685000.75,4929999.75",0.8080508146947984
"685001.25,4929999.75",0.8367738296267009
"685001.75,4929999.75",0.8488545872237621
"685002.25,4929999.75",0.8089402343109301
"685002.75,4929999.75",0.7822571243980758
"685003.25,4929999.75",0.8064256760334596
"685003.75,4929999.75",0.8210034379569162
"685004.25,4929999.75",0.8364680652274316
"685004.75,4929999.75",0.8569688646094069
"685005.25,4929999.75",0.8540034916249155
"685005.75,4929999.75",0.8413143804026324
"685006.25,4929999.75",0.850230062638332
"685006.75,4929999.75",0.8370725827579529
"685007.25,4929999.75",0.8411461636126818
"685007.75,4929999.75",0.8478988972196013
"685008.25,4929999.75",0.8171768560644361
"685008.75,4929999.75",0.7515683513242398
"685009.25,4929999.75",0.8302101456981463
"685009.75,4929999.75",0.8570924996981385
"685010.25,4929999.75",0.8594129872451197
"685010.75,4929999.75",0.8397517355101431
"685011.25,4929999.75",0.7378196134799816
"685011.75,4929999.75",0.6811102504720794
"685012.25,4929999.75",0.6997105574383903
"685012.75,4929999.75",0.7315579021251362
"685013.25,4929999.75",0.7308510952825186
"685013.75,4929999.75",0.6624823876610232
"685014.25,4929999.75",0.6798223254758671
"685014.75,4929999.75",0.5988867238686689
"685015.25,4929999.75",0.6548759398771087
"685015.75,4929999.75",0.4839498747183565
"685016.25,4929999.75",0.5625412056441312
"685016.75,4929999.75",0.8038654595810865
"685017.25,4929999.75",0.40134449731228156
"685017.75,4929999.75",0.4120308268068041
"685018.25,4929999.75",0.4395957618993357
"685018.75,4929999.75",0.9903487067351175
"685019.25,4929999.75",0.7763628105359207
"684999.75,4929999.25",0.7863377356360796
"685000.25,4929999.25",0.30531711300661424
"685000.75,4929999.25",0.4854794825147925
"685001.25,4929999.25",0.3703191463214584
"685001.75,4929999.25",0.39022493223505683
"685002.25,4929999.25",0.5447251967187143
"685002.75,4929999.25",0.6692050535331742
"685003.25,4929999.25",0.7778480699935808
"685003.75,4929999.25",0.8217761722773878
"685004.25,4929999.25",0.8243582896643337
"685004.75,4929999.25",0.8224696389631604
"685005.25,4929999.25",0.8329738200318877
"685005.75,4929999.25",0.8229638615617949
"685006.25,4929999.25",0.8101026611337981
"685006.75,4929999.25",0.8238899210062376
"685007.25,4929999.25",0.8243582896643337
"685007.75,4929999.25",0.8101026611337981
"685008.25,4929999.25",0.8279501617041215
"685008.75,4929999.25",0.7403120187229228
"685009.25,4929999.25",0.7067866345688982
"685009.75,4929999.25",0.7491123063838331
"685010.25,4929999.25",0.7285231130045438
"685010.75,4929999.25",0.47247878736149845
"685011.25,4929999.25",0.48839114590373994
"685011.75,4929999.25",0.6189752557450484
"685012.25,4929999.25",0.6786895272132929
"685012.75,4929999.25",0.6380620576842727
"685013.25,4929999.25",0.6420386031737573
"685013.75,4929999.25",0.6315477622618749
"685014.25,4929999.25",0.6059974506115949
"685014.75,4929999.25",0.48918387306480327
"685015.25,4929999.25",0.5651141966684622
"685015.75,4929999.25",0.4618686263922848
"685016.25,4929999.25",0.49225191306092037
"685016.75,4929999.25",0.610644654888924
"685017.25,4929999.25",0.35354310802961436
"685017.75,4929999.25",0.7275680164788065
"685018.25,4929999.25",0.6500050343095714
"685018.75,4929999.25",0.8246324332879917
"685019.25,4929999.25",0.8909255304513022
"684999.75,4929998.75",0.5942064019050818
"685000.25,4929998.75",0.3892335176765027
"685000.75,4929998.75",0.4299810004467397
"685001.25,4929998.75",0.4949710923416332
"685001.75,4929998.75",0.521755584603229
"685002.25,4929998.75",0.617421487114642
"685002.75,4929998.75",0.6979147283082315
"685003.25,4929998.75",0.7656765807468587
"685003.75,4929998.75",0.8070887069010443
"685004.25,4929998.75",0.8052000561998711
"685004.75,4929998.75",0.8098775631061217
"685005.25,4929998.75",0.8146446106466234
"685005.75,4929998.75",0.8351587501854436
"685006.25,4929998.75",0.7955248992103418
"685006.75,4929998.75",0.8084831350035829
"685007.25,4929998.75",0.7947217290716823
"685007.75,4929998.75",0.7692079492336903
"685008.25,4929998.75",0.6952341768191476
"685008.75,4929998.75",0.7268072235782865
"685009.25,4929998.75",0.6870629970810949
"685009.75,4929998.75",0.7450260574414614
"685010.25,4929998.75",0.4793065748088868
"685010.75,4929998.75",0.550048287025788
"685011.25,4929998.75",0.5815483164482775
"685011.75,4929998.75",0.6052484994255655
"685012.25,4929998.75",0.6103113518507156
"685012.75,4929998.75",0.5804006476344061
"685013.25,4929998.75",0.6083418018832217
"685013.75,4929998.75",0.5442610418548485
"685014.25,4929998.75",0.5005755915497928
"685014.75,4929998.75",0.4284376687359434
"685015.25,4929998.75",0.5435170311307398
"685015.75,4929998.75",0.8135716438678031
"685016.25,4929998.75",0.2929380987985485
"685016.75,4929998.75",0.27973017458529437
"685017.25,4929998.75",0.046972983841640836
"685017.75,4929998.75",0.1482234003103175
"685018.25,4929998.75",0.6564474762380608
"685018.75,4929998.75",0.6950235827910577
"685019.25,4929998.75",0.9959264191452724
"684999.75,4929998.25",0.953503711965093
"685000.25,4929998.25",0.5228053597266065
"685000.75,4929998.25",0.48844345676239004
"685001.25,4929998.25",0.5477030834868991
"685001.75,4929998.25",0.6171556434804476
"685002.25,4929998.25",0.6376564428624227
"685002.75,4929998.25",0.6699721562072648
"685003.25,4929998.25",0.7372693954922939
"685003.75,4929998.25",0.7655044915411452
"685004.25,4929998.25",0.7882786150739902
"685004.75,4929998.25",0.7942141663162027
"685005.25,4929998.25",0.7910666449059162
"685005.75,4929998.25",0.7869930640511871
"685006.25,4929998.25",0.7891566847491699
"685006.75,4929998.25",0.7927360430052645
"685007.25,4929998.25",0.7763925196864178
"685007.75,4929998.25",0.7759606828406096
"685008.25,4929998.25",0.7628263946156736
"685008.75,4929998.25",0.7217230616975636
"685009.25,4929998.25",0.7538741805676857
"685009.75,4929998.25",0.5692344109346081
"685010.25,4929998.25",0.5677782691484459
"685010.75,4929998.25",0.5936248602511086
"685011.25,4929998.25",0.5777763859040487
"685011.75,4929998.25",0.591563645776488
"685012.25,4929998.25",0.5762173633267902
"685012.75,4929998.25",0.5808948702330408
"685013.25,4929998.25",0.5305129760797928
"685013.75,4929998.25",0.4982879943846114
"685014.25,4929998.25",0.44033206411297976
"685014.75,4929998.25",0.32444454601063044
"685015.25,4929998.25",0.24208783598720438
"685015.75,4929998.25",0.19323243867167286
"685016.25,4929998.25",0.5929193715551808
"685016.75,4929998.25",0.1380892283297651
"685017.25,4929998.25",0.23122217312422333
"685017.75,4929998.25",0.7156347576951225
"685018.25,4929998.25",0.5180425450955922
"685018.75,4929998.25",0.983595973128198
"685019.25,4929998.25",0.9496167071098591
"684999.75,4929997.75",0.7469169332526798
"685000.25,4929997.75",0.49598226484662605
"685000.75,4929997.75",0.558004893835674
"685001.25,4929997.75",0.6370910388390822
"685001.75,4929997.75",0.6733403480715271
"685002.25,4929997.75",0.6822780118320024
"685002.75,4929997.75",0.6773168935610118
"685003.25,4929997.75",0.7405278839036693
"685003.75,4929997.75",0.7550797918865872
"685004.25,4929997.75",0.745780854053342
"685004.75,4929997.75",0.7353151950127956
"685005.25,4929997.75",0.7622465946087693
"685005.75,4929997.75",0.7398696583093143
"685006.25,4929997.75",0.7364836987145064
"685006.75,4929997.75",0.7660105558542708
"685007.25,4929997.75",0.7264352182162326
"685007.75,4929997.75",0.7428411272879057
"685008.25,4929997.75",0.7292479381459552
"685008.75,4929997.75",0.7067115807284293
"685009.25,4929997.75",0.6305920722577142
"685009.75,4929997.75",0.6031412681917698
"685010.25,4929997.75",0.61017579445729
"685010.75,4929997.75",0.587092877688369
"685011.25,4929997.75",0.5422155243046767
"685011.75,4929997.75",0.5191192673789105
"685012.25,4929997.75",0.517269810775121
"685012.75,4929997.75",0.46446897585749547
"685013.25,4929997.75",0.7485948921297554
"685013.75,4929997.75",0.49264910029431014
"685014.25,4929997.75",0.3010305832656438
"685014.75,4929997.75",0.7580009245483266
"685015.25,4929997.75",0.15972632069054815
"685015.75,4929997.75",0.5788358322303588
"685016.25,4929997.75",0.2066415828194096
"685016.75,4929997.75",0.047168472424281085
"685017.25,4929997.75",0.6613607590437374
"685017.75,4929997.75",0.5473871732193576
"685018.25,4929997.75",0.9278435888459027
"685018.75,4929997.75",0.9902390032822305
"685019.25,4929997.75",0.8444544070819252
"684999.75,4929997.25",0.7621748217050637
"685000.25,4929997.25",0.6847454067133614
"685000.75,4929997.25",0.6694904473923237
"685001.25,4929997.25",0.6949570638342043
"685001.75,4929997.25",0.701075589875363
"685002.25,4929997.25",0.6963482109999792
"685002.75,4929997.25",0.7105068041652703
"685003.25,4929997.25",0.7266611426170604
"685003.75,4929997.25",0.7271805470870312
"685004.25,4929997.25",0.7393754357106797
"685004.75,4929997.25",0.7166763660183038
"685005.25,4929997.25",0.6705058336915468
"685005.75,4929997.25",0.6713965714543689
"685006.25,4929997.25",0.6434294089610656
"685006.75,4929997.25",0.6947677983769447
"685007.25,4929997.25",0.7381145747856735
"685007.75,4929997.25",0.7173753372191767
"685008.25,4929997.25",0.744800959413785
"685008.75,4929997.25",0.6891118952734909
"685009.25,4929997.25",0.6900379547179335
"685009.75,4929997.25",0.6627093678885698
"685010.25,4929997.25",0.5897486310636326
"685010.75,4929997.25",0.5435387709825091
"685011.25,4929997.25",0.5257749656205852
"685011.75,4929997.25",0.45168282926996733
"685012.25,4929997.25",0.6685143021992775
"685012.75,4929997.25",0.620354461490872
"685013.25,4929997.25",0.2494733189474696
"685013.75,4929997.25",0.11246292998154932
"685014.25,4929997.25",0.9711558236582368
"685014.75,4929997.25",0.1002000239586929
"685015.25,4929997.25",0.36458660428699147
"685015.75,4929997.25",0.4742372515273636
"685016.25,4929997.25",0.16039498320451406
"685016.75,4929997.25",0.842800231339292
"685017.25,4929997.25",0.5528498113185077
"685017.75,4929997.25",0.446036440448672
"685018.25,4929997.25",0.8186336699198014
"685018.75,4929997.25",0.9944222875898465
"685019.25,4929997.25",0.5432998684502685
"684999.75,4929996.75",0.7959819985176887
"685000.25,4929996.75",0.7640249503780558
"685000.75,4929996.75",0.7462026316790685
"685001.25,4929996.75",0.7209258721734472
"685001.75,4929996.75",0.7306024470151276
"685002.25,4929996.75",0.7231959153875533
"685002.75,4929996.75",0.7228026005699264
"685003.25,4929996.75",0.7027032022155714
"685003.75,4929996.75",0.7063662556800653
"685004.25,4929996.75",0.6605709290619229
"685004.75,4929996.75",0.5801375193520871
"685005.25,4929996.75",0.763999687916517
"685005.75,4929996.75",0.8393678884335981
"685006.25,4929996.75",0.7034583825849678
"685006.75,4929996.75",0.6445103450386137
"685007.25,4929996.75",0.727128684902005
"685007.75,4929996.75",0.712647958343793
"685008.25,4929996.75",0.7082316067097725
"685008.75,4929996.75",0.6919844466869677
"685009.25,4929996.75",0.646402376382011
"685009.75,4929996.75",0.5593653443949972
"685010.25,4929996.75",0.578454155665372
"685010.75,4929996.75",0.4464221506098298
"685011.25,4929996.75",0.5294583896251991
"685011.75,4929996.75",0.8105211578227612
"685012.25,4929996.75",0.5942827723605327
"685012.75,4929996.75",0.590325412453745
"685013.25,4929996.75",0.2429190836447398
"685013.75,4929996.75",0.5376771165168786
"685014.25,4929996.75",0.11225410124206397
"685014.75,4929996.75",0.6702260775367652
"685015.25,4929996.75",0.3510818091423554
"685015.75,4929996.75",0.14155445555927226
"685016.25,4929996.75",0.047168472424281085
"685016.75,4929996.75",0.8132021927748216
"685017.25,4929996.75",0.6526700668196912
"685017.75,4929996.75",0.9097999810412711
"685018.25,4929996.75",0.5087996087093852
"685018.75,4929996.75",0.8219752620605767
"685019.25,4929996.75",0.7770463177070723
"684999.75,4929996.25",0.83133552981993
"685000.25,4929996.25",0.8142732773537718
"685000.75,4929996.25",0.7910548031914252
"685001.25,4929996.25",0.7628253387889549
"685001.75,4929996.25",0.7734090012718516
"685002.25,4929996.25",0.7440144205887492
"685002.75,4929996.25",0.7300192752612417
"685003.25,4929996.25",0.6660137561478547
"685003.75,4929996.25",0.5676278412037236
"685004.25,4929996.25",0.5272334390011078
"685004.75,4929996.25",0.7258226507967805
"685005.25,4929996.25",0.7399427219338904
"685005.75,4929996.25",0.6636763061287977
"685006.25,4929996.25",0.8211010648011602
"685006.75,4929996.25",0.6326250760241926
"685007.25,4929996.25",0.6854069391385917
"685007.75,4929996.25",0.705414187991135
"685008.25,4929996.25",0.6840006693215621
"685008.75,4929996.25",0.6504135714839135
"685009.25,4929996.25",0.605519122438878
"685009.75,4929996.25",0.6207115963016285
"685010.25,4929996.25",0.3217174034891767
"685010.75,4929996.25",0.7353345314582802
"685011.25,4929996.25",0.13259943251193423
"685011.75,4929996.25",0.7434431711395573
"685012.25,4929996.25",0.4311066816778484
"685012.75,4929996.25",0.12157268294773808
"685013.25,4929996.25",0.6632242278735747
"685013.75,4929996.25",0.08828807463058164
"685014.25,4929996.25",0.8247931553469486
"685014.75,4929996.25",0.1053121827680883
"685015.25,4929996.25",0.4329301300371505
"685015.75,4929996.25",0.03489222624457953
"685016.25,4929996.25",0.2453985340200596
"685016.75,4929996.25",0.9373851786578995
"685017.25,4929996.25",0.7113524478063687
"685017.75,4929996.25",0.0713299876184037
"685018.25,4929996.25",0.6262890989908744
"685018.75,4929996.25",0.9095402334011767
"685019.25,4929996.25",0.8184722585858373
"684999.75,4929995.75",0.8368035387771977
"685000.25,4929995.75",0.8385388643544
"685000.75,4929995.75",0.8115941246015814
"685001.25,4929995.75",0.7833394783277751
"685001.75,4929995.75",0.7504754566209355
"685002.25,4929995.75",0.756482306199119
"685002.75,4929995.75",0.6550020123236476
"685003.25,4929995.75",0.5094750044973013
"685003.75,4929995.75",0.8238513989780566
"685004.25,4929995.75",0.8594715005821832
"685004.75,4929995.75",0.3505839642284898
"685005.25,4929995.75",0.43003089830998337
"685005.75,4929995.75",0.7352652150276396
"685006.25,4929995.75",0.5384321425823253
"685006.75,4929995.75",0.636638153325965
"685007.25,4929995.75",0.700947292318779
"685007.75,4929995.75",0.6582504415149416
"685008.25,4929995.75",0.6410970796995932
"685008.75,4929995.75",0.6120020594056367
"685009.25,4929995.75",0.5112014174913585
"685009.75,4929995.75",0.3699534446749879
"685010.25,4929995.75",0.7322455233850572
"685010.75,4929995.75",0.14448470152635529
"685011.25,4929995.75",0.6440621391991537
"685011.75,4929995.75",0.8419731974759869
"685012.25,4929995.75",0.5417758792429432
"685012.75,4929995.75",0.9511100527775126
"685013.25,4929995.75",0.7444733215057634
"685013.75,4929995.75",0.6987895170466475
"685014.25,4929995.75",0.26628588299361494
"685014.75,4929995.75",0.7335592851160033
"685015.25,4929995.75",0.4514852638232433
"685015.75,4929995.75",0.4153456580436853
"685016.25,4929995.75",0.8259132855218803
"685016.75,4929995.75",0.652798129482123
"685017.25,4929995.75",0.6386705636140187
"685017.75,4929995.75",0.8322852643827922
"685018.25,4929995.75",0.6178728127104578
"685018.75,4929995.75",0.8664877462289373
"685019.25,4929995.75",0.8365051885187194
"684999.75,4929995.25",0.8763225866565097
"685000.25,4929995.25",0.8426124452091289
"685000.75,4929995.25",0.8289972745424032
"685001.25,4929995.25",0.7582833892761297
"685001.75,4929995.25",0.7044324317986735
"685002.25,4929995.25",0.6058909475052678
"685002.75,4929995.25",0.6386584890048009
"685003.25,4929995.25",0.8407237945079556
"685003.75,4929995.25",0.8074607122630983
"685004.25,4929995.25",0.8242965759807096
"685004.75,4929995.25",0.8495365959525595
"685005.25,4929995.25",0.5118779217050542
"685005.75,4929995.25",0.575024553284797
"685006.25,4929995.25",0.6264214560377402
"685006.75,4929995.25",0.6433523649047035
"685007.25,4929995.25",0.6533949999771259
"685007.75,4929995.25",0.5950134429277961
"685008.25,4929995.25",0.5687888501744399
"685008.75,4929995.25",0.5811558280038024
"685009.25,4929995.25",0.46713177873129064
"685009.75,4929995.25",0.5904971179019431
"685010.25,4929995.25",0.4399467185940802
"685010.75,4929995.25",0.62545196352844
"685011.25,4929995.25",0.5132587767560206
"685011.75,4929995.25",0.7601763869608005
"685012.25,4929995.25",0.9116154601018454
"685012.75,4929995.25",0.9292014851361535
"685013.25,4929995.25",0.7080765325751988
"685013.75,4929995.25",0.9010488932802911
"685014.25,4929995.25",0.7469198814992837
"685014.75,4929995.25",0.8560567368008088
"685015.25,4929995.25",0.4953899667301241
"685015.75,4929995.25",0.9518640230162415
"685016.25,4929995.25",0.4553034440213745
"685016.75,4929995.25",0.721322252148943
"685017.25,4929995.25",0.03508771482721978
"685017.75,4929995.25",0.29876598987054676
"685018.25,4929995.25",0.7475842030877389
"685018.75,4929995.25",0.7854542828833435
"685019.25,4929995.25",0.8275529744707316
"684999.75,4929994.75",0.8694601495967031
"685000.25,4929994.75",0.8512279755766831
"685000.75,4929994.75",0.834465283499671
"685001.25,4929994.75",0.7410775104123576
"685001.75,4929994.75",0.822938679690459
"685002.25,4929994.75",0.8238513989780566
"685002.75,4929994.75",0.3878164283902902
"685003.25,4929994.75",0.815856163655676
"685003.75,4929994.75",0.8485488228244927
"685004.25,4929994.75",0.8462541892180501
"685004.75,4929994.75",0.47529020979149705
"685005.25,4929994.75",0.5966753462961503
"685005.75,4929994.75",0.6852367321327482
"685006.25,4929994.75",0.658601611989157
"685006.75,4929994.75",0.6216285545567003
"685007.25,4929994.75",0.7328426267747877
"685007.75,4929994.75",0.5355126694457436
"685008.25,4929994.75",0.4619049233104194
"685008.75,4929994.75",0.4828037362989367
"685009.25,4929994.75",0.520411022411837
"685009.75,4929994.75",0.2835364939536776
"685010.25,4929994.75",0.8776324931774974
"685010.75,4929994.75",0.9770556694613126
"685011.25,4929994.75",0.7725692187307012
"685011.75,4929994.75",0.8270001305190107
"685012.25,4929994.75",0.8004984232490029
"685012.75,4929994.75",0.6869898254404959
"685013.25,4929994.75",0.6303807889546168
"685013.75,4929994.75",0.33174998802982514
"685014.25,4929994.75",0.820818600073357
"685014.75,4929994.75",0.7494344397767541
"685015.25,4929994.75",0.8610985214433922
"685015.75,4929994.75",0.7917215895635077
"685016.25,4929994.75",0.6081886099485171
"685016.75,4929994.75",0.8506511135963676
"685017.25,4929994.75",0.7179496327109802
"685017.75,4929994.75",0.6014982620944241
"685018.25,4929994.75",0.6802044324370514
"685018.75,4929994.75",0.8486269055017689
"685019.25,4929994.75",0.96600994809389
"684999.75,4929994.25",0.8694601495967031
"685000.25,4929994.25",0.85677103837442
"685000.75,4929994.25",0.809705473900408
"685001.25,4929994.25",0.7281816603719428
"685001.75,4929994.25",0.8218790530684837
"685002.25,4929994.25",0.8431431996200516
"685002.75,4929994.25",0.3901601075927145
"685003.25,4929994.25",0.8245448656638291
"685003.75,4929994.25",0.7509941344232154
"685004.25,4929994.25",0.5283259751201398
"685004.75,4929994.25",0.5637412201060049
"685005.25,4929994.25",0.6557597469621167
"685005.75,4929994.25",0.6988047394033626
"685006.25,4929994.25",0.679904280568906
"685006.75,4929994.25",0.5990131800727232
"685007.25,4929994.25",0.7203891371479816
"685007.75,4929994.25",0.7392108412359597
"685008.25,4929994.25",0.46942979975881155
"685008.75,4929994.25",0.40116575542282146
"685009.25,4929994.25",0.6487336498167647
"685009.75,4929994.25",0.5955199498565575
"685010.25,4929994.25",0.5544649904652266
"685010.75,4929994.25",0.5529468466837525
"685011.25,4929994.25",0.9135514285030791
"685011.75,4929994.25",0.3740410102323416
"685012.25,4929994.25",0.493279246838081
"685012.75,4929994.25",0.9620460706920481
"685013.25,4929994.25",0.6909885239645096
"685013.75,4929994.25",0.8986150013744137
"685014.25,4929994.25",0.6284796416755544
"685014.75,4929994.25",0.8209906892790706
"685015.25,4929994.25",0.9743765167091222
"685015.75,4929994.25",0.20169673383660983
"685016.25,4929994.25",0.7745529145812261
"685016.75,4929994.25",0.509956745264339
"685017.25,4929994.25",0.5145159073497723
"685017.75,4929994.25",0.6779414024004152
"685018.25,4929994.25",0.7289826859907603
"685018.75,4929994.25",0.7799875748669616
"685019.25,4929994.25",0.9848806977778498
"684999.75,4929993.75",0.8653865687419742
"685000.25,4929993.75",0.8630295493827047
"685000.75,4929993.75",0.8130250845164082
"685001.25,4929993.75",0.708157871015994
"685001.75,4929993.75",0.8332959534248087
"685002.25,4929993.75",0.8525127002263347
"685002.75,4929993.75",0.5438448213432848
"685003.25,4929993.75",0.5562124712418501
"685003.75,4929993.75",0.5878347179009199
"685004.25,4929993.75",0.6127929452141688
"685004.75,4929993.75",0.6459376826382092
"685005.25,4929993.75",0.6632657787385626
"685005.75,4929993.75",0.7088764115570795
"685006.25,4929993.75",0.6329982915169139
"685006.75,4929993.75",0.5627594432665776
"685007.25,4929993.75",0.6949226750100501
"685007.75,4929993.75",0.4860467946321128
"685008.25,4929993.75",0.6786529954010049
"685008.75,4929993.75",0.35022537961348416
"685009.25,4929993.75",0.4447170470713456
"685009.75,4929993.75",0.5867813758792716
"685010.25,4929993.75",0.49959523256251614
"685010.75,4929993.75",0.7915275188330186
"685011.25,4929993.75",0.8571548854509651
"685011.75,4929993.75",0.9714779570511578
"685012.25,4929993.75",0.8348031138170414
"685012.75,4929993.75",0.8257557466036793
"685013.25,4929993.75",0.5793627142255188
"685013.75,4929993.75",0.9477904421615125
"685014.25,4929993.75",0.6488274466242939
"685014.75,4929993.75",0.9332385341785945
"685015.25,4929993.75",0.8607707755193476
"685015.75,4929993.75",0.8556980715955999
"685016.25,4929993.75",0.5004091763695073
"685016.75,4929993.75",0.4855304362047535
"685017.25,4929993.75",0.831291753844897
"685017.75,4929993.75",0.9958167156923853
"685018.25,4929993.75",0.9124754328874521
"685018.75,4929993.75",0.9693403445976625
"685019.25,4929993.75",0.9848806977778498
"684999.75,4929993.25",0.8644239774852435
"685000.25,4929993.25",0.8526224036792218
"685000.75,4929993.25",0.7992636785845072
"685001.25,4929993.25",0.7524358802258146
"685001.75,4929993.25",0.676458597506367
"685002.25,4929993.25",0.7860601819449534
"685002.75,4929993.25",0.7437345101300188
"685003.25,4929993.25",0.6130440514863327
"685003.75,4929993.25",0.656690979763208
"685004.25,4929993.25",0.7086677905390778
"685004.75,4929993.25",0.6742056690688609
"685005.25,4929993.25",0.6315539914452419
"685005.75,4929993.25",0.6647225925939279
"685006.25,4929993.25",0.6986268047717976
"685006.75,4929993.25",0.6364860726349385
"685007.25,4929993.25",0.7217413423163297
"685007.75,4929993.25",0.30988144085900154
"685008.25,4929993.25",0.4034975123205514
"685008.75,4929993.25",0.4327508979058609
"685009.25,4929993.25",0.3653144597969181
"685009.75,4929993.25",0.625707747942553
"685010.25,4929993.25",0.1186755750934476
"685010.75,4929993.25",0.6331111318226303
"685011.25,4929993.25",0.7793584841499085
"685011.75,4929993.25",0.7132847938923721
"685012.25,4929993.25",0.7941334999446101
"685012.75,4929993.25",0.7119268976021214
"685013.25,4929993.25",0.6873175713645405
"685013.75,4929993.25",0.9153153076985993
"685014.25,4929993.25",0.6929023393312144
"685014.75,4929993.25",0.5247862855291626
"685015.25,4929993.25",0.5461342815930793
"685015.75,4929993.25",0.694221713593284
"685016.25,4929993.25",0.4546067769890422
"685016.75,4929993.25",0.7976251997663235
"685017.25,4929993.25",0.5963457181722354
"685017.75,4929993.25",0.6950898237538425
"685018.25,4929993.25",0.8177661238124221
"685018.75,4929993.25",0.4937235974675822
"685019.25,4929993.25",0.7101542349541613
"684999.75,4929992.75",0.8256776639264033
"685000.25,4929992.75",0.8516963442347791
"685000.75,4929992.75",0.8043968860612115
"685001.25,4929992.75",0.7866854174520479
"685001.75,4929992.75",0.7889712553866113
"685002.25,4929992.75",0.7419807447530685
"685002.75,4929992.75",0.6737209142113086
"685003.25,4929992.75",0.6842887819737485
"685003.75,4929992.75",0.7177650297215732
"685004.25,4929992.75",0.6825210475682699
"685004.75,4929992.75",0.6337647755393362
"685005.25,4929992.75",0.7298955595823071
"685005.75,4929992.75",0.5369053574329208
"685006.25,4929992.75",0.5503857970793733
"685006.75,4929992.75",0.8001525341474593
"685007.25,4929992.75",0.3982487559651088
"685007.75,4929992.75",0.5334923337669073
"685008.25,4929992.75",0.4348379663210201
"685008.75,4929992.75",0.45572411122189493
"685009.25,4929992.75",0.36543468681760577
"685009.75,4929992.75",0.6203944819614073
"685010.25,4929992.75",0.9094778476483502
"685010.75,4929992.75",0.3938616830853894
"685011.25,4929992.75",0.9630086619487788
"685011.75,4929992.75",0.8913976000154075
"685012.25,4929992.75",0.7427731290039556
"685012.75,4929992.75",0.1620552549412475
"685013.25,4929992.75",0.4538134789959458
"685013.75,4929992.75",0.9373959645456719
"685014.25,4929992.75",0.0830197680501845
"685014.75,4929992.75",0.9986055718974626
"685015.25,4929992.75",0.8624929495459309
"685015.75,4929992.75",0.8379601201742145
"685016.25,4929992.75",0.5134605751122312
"685016.75,4929992.75",0.8869653539554695
"685017.25,4929992.75",0.8556614317672888
"685017.75,4929992.75",0.9325614364864737
"685018.25,4929992.75",0.8569461564169406
"685018.75,4929992.75",0.7832082679178471
"685019.25,4929992.75",0.8543401753053491
"684999.75,4929992.25",0.8297512447811322
"685000.25,4929992.25",0.8224916204879358
"685000.75,4929992.25",0.8329478117874002
"685001.25,4929992.25",0.7769445835529133
"685001.75,4929992.25",0.8466487141663448
"685002.25,4929992.25",0.7909310875124906
"685002.75,4929992.25",0.77069191797048
"685003.25,4929992.25",0.7266131528477975
"685003.75,4929992.25",0.6782667361398967
"685004.25,4929992.25",0.6005709925193146
"685004.75,4929992.25",0.774356961650867
"685005.25,4929992.25",0.5287216639111746
"685005.75,4929992.25",0.5104894898911544
"685006.25,4929992.25",0.5389448786944535
"685006.75,4929992.25",0.533201899740376
"685007.25,4929992.25",0.49583817256958385
"685007.75,4929992.25",0.49198384431667974
"685008.25,4929992.25",0.4995769519437496
"685008.75,4929992.25",0.4695825525190408
"685009.25,4929992.25",0.4706126837699898
"685009.75,4929992.25",0.36299537098683066
"685010.25,4929992.25",0.8485393550834109
"685010.75,4929992.25",0.8971581875190483
"685011.25,4929992.25",0.6598219778758936
"685011.75,4929992.25",0.9739446798633142
"685012.25,4929992.25",0.37794999661235085
"685012.75,4929992.25",0.48403592669435935
"685013.25,4929992.25",0.6053513802166613
"685013.75,4929992.25",0.9018615483658377
"685014.25,4929992.25",0.9894958189312739
"685014.75,4929992.25",0.0830197680501845
"685015.25,4929992.25",0.7776235634449039
"685015.75,4929992.25",0.39440177158041034
"685016.25,4929992.25",0.49374960571206983
"685016.75,4929992.25",0.4614205522103826
"685017.25,4929992.25",0.5058076360014074
"685017.75,4929992.25",0.9671919462563948
"685018.25,4929992.25",0.9132696358444784
"685018.75,4929992.25",0.6062342823377388
"685019.25,4929992.25",0.8217553373895492
"684999.75,4929991.75",0.8246187093736306
"685000.25,4929991.75",0.8037073826014203
"685000.75,4929991.75",0.8004860174813323
"685001.25,4929991.75",0.7920292361626468
"685001.75,4929991.75",0.8124078183080414
"685002.25,4929991.75",0.7991147810342367
"685002.75,4929991.75",0.7635930329420452
"685003.25,4929991.75",0.6544019586878891
"685003.75,4929991.75",0.679148428130307
"685004.25,4929991.75",0.63198582829105
"685004.75,4929991.75",0.8302447953105643
"685005.25,4929991.75",0.8274559391054871
"685005.75,4929991.75",0.6753384673314354
"685006.25,4929991.75",0.5911554923596607
"685006.75,4929991.75",0.603505929685618
"685007.25,4929991.75",0.5648480101240916
"685007.75,4929991.75",0.5783276233973921
"685008.25,4929991.75",0.4991931048672051
"685008.75,4929991.75",0.4863351853759721
"685009.25,4929991.75",0.4159075203419988
"685009.75,4929991.75",0.41609106750468794
"685010.25,4929991.75",0.5841859183354805
"685010.75,4929991.75",0.19280773191460054
"685011.25,4929991.75",0.8103969675760923
"685011.75,4929991.75",0.919487806118443
"685012.25,4929991.75",0.4552085791676875
"685012.75,4929991.75",0.9148834708527912
"685013.25,4929991.75",0.774119195535548
"685013.75,4929991.75",0.7209818675625002
"685014.25,4929991.75",0.6063466480757216
"685014.75,4929991.75",0.9519737264691286
"685015.25,4929991.75",0.9112417268438702
"685015.75,4929991.75",0.7228074864333589
"685016.25,4929991.75",0.45010267743519505
"685016.75,4929991.75",0.7624602346794709
"685017.25,4929991.75",0.712380715972705
"685017.75,4929991.75",0.5448074126000154
"685018.25,4929991.75",0.6175309556733763
"685018.75,4929991.75",0.9752294045129658
"685019.25,4929991.75",0.4672091641661198
"684999.75,4929991.25",0.7941791329462685
"685000.25,4929991.25",0.7834490274767132
"685000.75,4929991.25",0.7833048287153571
"685001.25,4929991.25",0.8036201987347737
"685001.75,4929991.25",0.7873517292563962
"685002.25,4929991.25",0.7654691698595247
"685002.75,4929991.25",0.6831249736197915
"685003.25,4929991.25",0.6744092075404322
"685003.75,4929991.25",0.8130647531815259
"685004.25,4929991.25",0.8149534038826993
"685004.75,4929991.25",0.3920877548898028
"685005.25,4929991.25",0.6196939043021563
"685005.75,4929991.25",0.5754210684489839
"685006.25,4929991.25",0.620546792106
"685006.75,4929991.25",0.6050339249656895
"685007.25,4929991.25",0.6085547698847201
"685007.75,4929991.25",0.5652546650985641
"685008.25,4929991.25",0.5147461261350349
"685008.75,4929991.25",0.48574017190759516
"685009.25,4929991.25",0.41916541727437534
"685009.75,4929991.25",0.7108053244017942
"685010.25,4929991.25",0.5310404495539514
"685010.75,4929991.25",0.898011075322892
"685011.25,4929991.25",0.6411089214140842
"685011.75,4929991.25",0.7509777654295634
"685012.25,4929991.25",0.4243703170645807
"685012.75,4929991.25",0.5305866311833674
"685013.25,4929991.25",0.22496507996808948
"685013.75,4929991.25",0.983595973128198
"685014.25,4929991.25",0.602766233992909
"685014.75,4929991.25",0.6104815588565591
"685015.25,4929991.25",0.7127138327548665
"685015.75,4929991.25",0.5556892115619215
"685016.25,4929991.25",0.48562829794315004
"685016.75,4929991.25",0.2776541215114739
"685017.25,4929991.25",0.7397353110465563
"685017.75,4929991.25",0.7284551147205937
"685018.25,4929991.25",0.6331130140225002
"685018.75,4929991.25",0.9314853328548238
"685019.25,4929991.25",0.9848806977778498
"684999.75,4929990.75",0.7312668766196055
"685000.25,4929990.75",0.7211080205992422
"685000.75,4929990.75",0.7548906070195307
"685001.25,4929990.75",0.7600231424270325
"685001.75,4929990.75",0.74537419907887
"685002.25,4929990.75",0.6733217539678301
"685002.75,4929990.75",0.8320949239835567
"685003.25,4929990.75",0.6238645205221302
"685003.75,4929990.75",0.8597716524503287
"685004.25,4929990.75",0.7856881765828995
"685004.75,4929990.75",0.6207845582213185
"685005.25,4929990.75",0.6031216606404017
"685005.75,4929990.75",0.627198617931912
"685006.25,4929990.75",0.6558069103582281
"685006.75,4929990.75",0.6337078943016107
"685007.25,4929990.75",0.5990131800727232
"685007.75,4929990.75",0.5705426155513906
"685008.25,4929990.75",0.5033897293316666
"685008.75,4929990.75",0.5029964145140394
"685009.25,4929990.75",0.3888910076854748
"685009.75,4929990.75",0.2670412580272236
"685010.25,4929990.75",0.4547683426269553
"685010.75,4929990.75",0.7733597207817183
"685011.25,4929990.75",0.7984523416456516
"685011.75,4929990.75",0.4956464758125024
"685012.25,4929990.75",0.5075777443802939
"685012.75,4929990.75",0.5135533160930416
"685013.25,4929990.75",0.672213753819076
"685013.75,4929990.75",0.8167034683536399
"685014.25,4929990.75",0.5265948633371679
"685014.75,4929990.75",0.7470849151484783
"685015.25,4929990.75",0.8135664705111542
"685015.75,4929990.75",0.45355184915598146
"685016.25,4929990.75",0.4949181094137802
"685016.75,4929990.75",0.6359763860065825
"685017.25,4929990.75",0.9363128839482818
"685017.75,4929990.75",0.7320458401234448
"685018.25,4929990.75",0.8755351134422994
"685018.75,4929990.75",0.9805877100173467
"685019.25,4929990.75",0.919487806118443
"684999.75,4929990.25",0.9228313884751116
"685000.25,4929990.25",0.5776288870906716
"685000.75,4929990.25",0.7023721562395058
"685001.25,4929990.25",0.7615828370734937
"685001.75,4929990.25",0.7523827170999027
"685002.25,4929990.25",0.8189306214413862
"685002.75,4929990.25",0.5997895362407085
"685003.25,4929990.25",0.5799464774584041
"685003.75,4929990.25",0.7993745286743312
"685004.25,4929990.25",0.5564954277431914
"685004.75,4929990.25",0.5935050169879359
"685005.25,4929990.25",0.6480879631793468
"685005.75,4929990.25",0.6620069080294494
"685006.25,4929990.25",0.640499149936711
"685006.75,4929990.25",0.6450064498371183
"685007.25,4929990.25",0.6185787405808612
"685007.75,4929990.25",0.5863860708457516
"685008.25,4929990.25",0.5193272697452439
"685008.75,4929990.25",0.46548014836248824
"685009.25,4929990.25",0.5614378030471231
"685009.75,4929990.25",0.6880987599784246
"685010.25,4929990.25",0.712289293138584
"685010.75,4929990.25",0.6964180108935963
"685011.25,4929990.25",0.919809939511364
"685011.75,4929990.25",0.8692766024340147
"685012.25,4929990.25",0.6713197774985388
"685012.75,4929990.25",0.8465756505417686
"685013.25,4929990.25",0.8314198165073289
"685013.75,4929990.25",0.1036385708745098
"685014.25,4929990.25",0.6571656330216306
"685014.75,4929990.25",0.6802300362770576
"685015.25,4929990.25",0.40342573941684606
"685015.75,4929990.25",0.4424112162961907
"685016.25,4929990.25",0.5590791772294756
"685016.75,4929990.25",0.7553581493044753
"685017.25,4929990.25",0.7317350103835496
"685017.75,4929990.25",0.5009395470229151
"685018.25,4929990.25",0.5997359893572819
"685018.75,4929990.25",0.7657489260143063
"685019.25,4929990.25",0.7232653315236546
"684999.75,4929989.75",0.7495827458480252
"685000.25,4929989.75",0.5093456571719852
"685000.75,4929989.75",0.6745146971990893
"685001.25,4929989.75",0.6944291244806181
"685001.75,4929989.75",0.6879053613171381
"685002.25,4929989.75",0.6852840498328088
"685002.75,4929989.75",0.7540129211018674
"685003.25,4929989.75",0.7876865307369597
"685003.75,4929989.75",0.7632507367304879
"685004.25,4929989.75",0.5754834542018105
"685004.75,4929989.75",0.6594796816643362
"685005.25,4929989.75",0.6779185945024883
"685005.75,4929989.75",0.7300549807003781
"685006.25,4929989.75",0.7289826859907603
"685006.75,4929989.75",0.6577925964246459
"685007.25,4929989.75",0.6222936562303811
"685007.75,4929989.75",0.5730093383635472
"685008.25,4929989.75",0.5155758222834358
"685008.75,4929989.75",0.42164044007599494
"685009.25,4929989.75",0.43319607490851436
"685009.75,4929989.75",0.7474872757385174
"685010.25,4929989.75",0.7129866322401197
"685010.75,4929989.75",0.7666655005118623
"685011.25,4929989.75",0.30442527361622446
"685011.75,4929989.75",0.3998077785423672
"685012.25,4929989.75",0.6213095580166087
"685012.75,4929989.75",0.11533548139502625
"685013.25,4929989.75",0.1708858241163964
"685013.75,4929989.75",0.24806555068808583
"685014.25,4929989.75",0.7895990451627785
"685014.75,4929989.75",0.7456665153052712
"685015.25,4929989.75",0.4107704767705928
"685015.75,4929989.75",0.4558264708065759
"685016.25,4929989.75",0.6180743781719412
"685016.75,4929989.75",0.6927030952440764
"685017.25,4929989.75",0.7026418722894633
"685017.75,4929989.75",0.6876669231326166
"685018.25,4929989.75",0.5984112442370942
"685018.75,4929989.75",0.8151859966413695
"685019.25,4929989.75",0.8258969165282284
"684999.75,4929989.25",0.6885825395994619
"685000.25,4929989.25",0.983918106521119
"685000.75,4929989.25",0.6331862662533031
"685001.25,4929989.25",0.694018255711916
"685001.75,4929989.25",0.7167714111676552
"685002.25,4929989.25",0.6211601858986042
"685002.75,4929989.25",0.7786611450483729
"685003.25,4929989.25",0.5511169594201744
"685003.75,4929989.25",0.6281026958515789
"685004.25,4929989.25",0.6967691813678117
"685004.75,4929989.25",0.7224915822238054
"685005.25,4929989.25",0.7013186256116305
"685005.75,4929989.25",0.6840490428483411
"685006.25,4929989.25",0.6481174394351166
"685006.75,4929989.25",0.6557837187027853
"685007.25,4929989.25",0.6111855491101321
"685007.75,4929989.25",0.5993136202525561
"685008.25,4929989.25",0.5195769581652571
"685008.75,4929989.25",0.48120337663616175
"685009.25,4929989.25",0.7893425886794628
"685009.75,4929989.25",0.7875894953717152
"685010.25,4929989.25",0.11599230219450146
"685010.75,4929989.25",0.6955139329739292
"685011.25,4929989.25",0.6330454549130253
"685011.75,4929989.25",0.24198239939532795
"685012.25,4929989.25",0.8391477014425985
"685012.75,4929989.25",0.8221763883475848
"685013.25,4929989.25",0.4729663416022909
"685013.75,4929989.25",0.1413837711484385
"685014.25,4929989.25",0.0678162932146433
"685014.75,4929989.25",0.35649573233625975
"685015.25,4929989.25",0.20498131108267625
"685015.75,4929989.25",0.40878758664625425
"685016.25,4929989.25",0.43424086293128966
"685016.75,4929989.25",0.558548422818553
"685017.25,4929989.25",0.7926880532360014
"685017.75,4929989.25",0.6551206072449972
"685018.25,4929989.25",0.36309663926156244
"685018.75,4929989.25",0.8985052979215267
"685019.25,4929989.25",0.7729115149422584
"684999.75,4929988.75",0.7370311650292559
"685000.25,4929988.75",0.7529805471573239
"685000.75,4929988.75",0.737415012105801
"685001.25,4929988.75",0.6494242999134928
"685001.75,4929988.75",0.6198974427737283
"685002.25,4929988.75",0.6696339931997345
"685002.75,4929988.75",0.636741034117061
"685003.25,4929988.75",0.6642322424110559
"685003.75,4929988.75",0.7233206063030035
"685004.25,4929988.75",0.7500402480281457
"685004.75,4929988.75",0.7503623814210667
"685005.25,4929988.75",0.7266641886596721
"685005.75,4929988.75",0.6765663107433612
"685006.25,4929988.75",0.6781865089427789
"685006.75,4929988.75",0.6409316588517217
"685007.25,4929988.75",0.6289241726007201
"685007.75,4929988.75",0.5932914575074393
"685008.25,4929988.75",0.4883400570250867
"685008.75,4929988.75",0.7148879510289355
"685009.25,4929988.75",0.7840101371156208
"685009.75,4929988.75",0.2138745267989158
"685010.25,4929988.75",0.6550020123236476
"685010.75,4929988.75",0.9508906458717385
"685011.25,4929988.75",0.9411296491539676
"685011.75,4929988.75",0.01092619963309718
"685012.25,4929988.75",0.6863015321113723
"685012.75,4929988.75",0.563048227987966
"685013.25,4929988.75",0.9289196924775528
"685013.75,4929988.75",0.6892844590469388
"685014.25,4929988.75",0.529515788277423
"685014.75,4929988.75",0.1550739956556333
"685015.25,4929988.75",0.14208473256520476
"685015.75,4929988.75",0.15702679134025158
"685016.25,4929988.75",0.13075633269050893
"685016.75,4929988.75",0.34974367079854296
"685017.25,4929988.75",0.6674875850743597
"685017.75,4929988.75",0.3937162741933659
"685018.25,4929988.75",0.4406581229884429
"685018.75,4929988.75",0.6448988909040732
"685019.25,4929988.75",0.8412431989779263
"684999.75,4929988.25",0.831652563569948
"685000.25,4929988.25",0.7800223222753873
"685000.75,4929988.25",0.711706201974901
"685001.25,4929988.25",0.7997301650427332
"685001.75,4929988.25",0.5163523121084046
"685002.25,4929988.25",0.5771219158141907
"685002.75,4929988.25",0.6470943446254294
"685003.25,4929988.25",0.683002756383211
"685003.75,4929988.25",0.7420431305058951
"685004.25,4929988.25",0.7576220057142633
"685004.75,4929988.25",0.7576220057142633
"685005.25,4929988.25",0.737373118330638
"685005.75,4929988.25",0.7122419754385235
"685006.25,4929988.25",0.6996498995814848
"685006.75,4929988.25",0.6381688108911318
"685007.25,4929988.25",0.647789882117298
"685007.75,4929988.25",0.5670112470645595
"685008.25,4929988.25",0.43557774413564204
"685008.75,4929988.25",0.7030478551947328
"685009.25,4929988.25",0.1794218730697814
"685009.75,4929988.25",0.6128801290808161
"685010.25,4929988.25",0.9185144289739399
"685010.75,4929988.25",0.35533462212837436
"685011.25,4929988.25",0.8355424892459657
"685011.75,4929988.25",0.9231187642395915
"685012.25,4929988.25",0.926339457290477
"685012.75,4929988.25",0.4549766118395391
"685013.25,4929988.25",0.7734586383468329
"685013.75,4929988.25",0.8024527508597816
"685014.25,4929988.25",0.842690527886405
"685014.75,4929988.25",0.5917555459954197
"685015.25,4929988.25",0.17411422567774568
"685015.75,4929988.25",0.22669439014139503
"685016.25,4929988.25",0.42216431912845864
"685016.75,4929988.25",0.48540131771560396
"685017.25,4929988.25",0.13437149762290831
"685017.75,4929988.25",0.5418462342944973
"685018.25,4929988.25",0.7323130824945328
"685018.75,4929988.25",0.6390238432148175
"685019.25,4929988.25",0.7644390194933186
"684999.75,4929987.75",0.8772353059441073
"685000.25,4929987.75",0.7908183552227965
"685000.75,4929987.75",0.6858942604846563
"685001.25,4929987.75",0.7916096836469653
"685001.75,4929987.75",0.4572134847683247
"685002.25,4929987.75",0.460180275604967
"685002.75,4929987.75",0.5811815650330758
"685003.25,4929987.75",0.673386112730745
"685003.75,4929987.75",0.6892082585695329
"685004.25,4929987.75",0.7266256666314911
"685004.75,4929987.75",0.7194650679194319
"685005.25,4929987.75",0.7717660485920415
"685005.75,4929987.75",0.7255350127123283
"685006.25,4929987.75",0.6873435796090281
"685006.75,4929987.75",0.6420836426969924
"685007.25,4929987.75",0.6031621030796086
"685007.75,4929987.75",0.5786306724447859
"685008.25,4929987.75",0.9136976637682541
"685008.75,4929987.75",0.10929643676803653
"685009.25,4929987.75",0.11950188382076964
"685009.75,4929987.75",0.7204144733232667
"685010.25,4929987.75",0.1190665522587281
"685010.75,4929987.75",0.4365480103214259
"685011.25,4929987.75",0.904577124914293
"685011.75,4929987.75",0.8919283544263301
"685012.25,4929987.75",0.897937903682293
"685012.75,4929987.75",0.9226977132815559
"685013.25,4929987.75",0.8171402162361252
"685013.75,4929987.75",0.22475133866021962
"685014.25,4929987.75",0.8436165873308477
"685014.75,4929987.75",0.7181910211415299
"685015.25,4929987.75",0.5524313146295451
"685015.75,4929987.75",0.2599228227738342
"685016.25,4929987.75",0.3406262899120939
"685016.75,4929987.75",0.3167720566748524
"685017.25,4929987.75",0.5560653310127449
"685017.75,4929987.75",0.3638518005157017
"685018.25,4929987.75",0.406840503198221
"685018.75,4929987.75",0.58940284166755
"685019.25,4929987.75",0.6077610690188512
"684999.75,4929987.25",0.8721991338326475
"685000.25,4929987.25",0.8393678884335981
"685000.75,4929987.25",0.7211507564216532
"685001.25,4929987.25",0.6490072019614234
"685001.75,4929987.25",0.7976814643518055
"685002.25,4929987.25",0.9520361122219553
"685002.75,4929987.25",0.6161002306527023
"685003.25,4929987.25",0.6306180805022018
"685003.75,4929987.25",0.7135653764203052
"685004.25,4929987.25",0.7512845684497463
"685004.75,4929987.25",0.7223874913020418
"685005.25,4929987.25",0.7298463596823764
"685005.75,4929987.25",0.7378654587294026
"685006.25,4929987.25",0.690516954959853
"685006.75,4929987.25",0.652734059030895
"685007.25,4929987.25",0.59548972781784
"685007.75,4929987.25",0.5327773876475177
"685008.25,4929987.25",0.40051606471208234
"685008.75,4929987.25",0.7650844964098283
"685009.25,4929987.25",0.6199241230874184
"685009.75,4929987.25",0.5347912249465563
"685010.25,4929987.25",0.8722778885791259
"685010.75,4929987.25",0.9742668132562352
"685011.25,4929987.25",0.9581376020772925
"685011.75,4929987.25",0.944247615717706
"685012.25,4929987.25",0.9808071169231207
"685012.75,4929987.25",0.9686891008460804
"685013.25,4929987.25",0.771632373398486
"685013.75,4929987.25",0.521568120755634
"685014.25,4929987.25",0.8438491800895177
"685014.75,4929987.25",0.6299957952411352
"685015.25,4929987.25",0.7577278367513872
"685015.75,4929987.25",0.2595318456085537
"685016.25,4929987.25",0.398436139222499
"685016.75,4929987.25",0.4416336706445038
"685017.25,4929987.25",0.48048886128307955
"685017.75,4929987.25",0.49633883407249474
"685018.25,4929987.25",0.5645986646142548
"685018.75,4929987.25",0.6351789827029954
"685019.25,4929987.25",0.697021553187602
"684999.75,4929986.75",0.8682225883431631
"685000.25,4929986.75",0.8101758327743971
"685000.75,4929986.75",0.8047788509378866
"685001.25,4929986.75",0.6894454866233869
"685001.75,4929986.75",0.5560079384185072
"685002.25,4929986.75",0.819554710311544
"685002.75,4929986.75",0.5701751920669861
"685003.25,4929986.75",0.5836880734216147
"685003.75,4929986.75",0.6871361687216939
"685004.25,4929986.75",0.7754204606886052
"685004.75,4929986.75",0.7857266986110806
"685005.25,4929986.75",0.7514201258431719
"685005.75,4929986.75",0.7442960589434009
"685006.25,4929986.75",0.7238916228574677
"685006.75,4929986.75",0.6626728360762817
"685007.25,4929986.75",0.6375057800235472
"685007.75,4929986.75",0.5464380027096762
"685008.25,4929986.75",0.5505017851325875
"685008.75,4929986.75",0.2197257913537291
"685009.25,4929986.75",0.8834206453117929
"685009.75,4929986.75",0.966551488392585
"685010.25,4929986.75",0.37775872182394094
"685010.75,4929986.75",0.9261200503847029
"685011.25,4929986.75",0.9572847142734487
"685011.75,4929986.75",0.6168975533660848
"685012.25,4929986.75",0.856415402006018
"685012.75,4929986.75",0.9715876605040449
"685013.25,4929986.75",0.778322721252579
"685013.75,4929986.75",0.5895081220730144
"685014.25,4929986.75",0.9753391079658529
"685014.75,4929986.75",0.38449260398005985
"685015.25,4929986.75",0.2588201453128091
"685015.75,4929986.75",0.7915368957638823
"685016.25,4929986.75",0.4580804393967048
"685016.75,4929986.75",0.5143621793530294
"685017.25,4929986.75",0.5614378030471231
"685017.75,4929986.75",0.5994639696065006
"685018.25,4929986.75",0.6399268446608005
"685018.75,4929986.75",0.7106850973811067
"685019.25,4929986.75",0.7167318505185603
"684999.75,4929986.25",0.8837629415233502
"685000.25,4929986.25",0.8686197755765531
"685000.75,4929986.25",0.7901047257183879
"685001.25,4929986.25",0.804394331792139
"685001.75,4929986.25",0.6982804238967151
"685002.25,4929986.25",0.665093442423803
"685002.75,4929986.25",0.5256449401680795
"685003.25,4929986.25",0.5588387231881007
"685003.75,4929986.25",0.6994067832550142
"685004.25,4929986.25",0.748607405913449
"685004.75,4929986.25",0.7429142989285048
"685005.25,4929986.25",0.7661075912195153
"685005.75,4929986.25",0.7432364323214258
"685006.25,4929986.25",0.7026281483751022
"685006.75,4929986.25",0.6950722446295232
"685007.25,4929986.25",0.645045414480935
"685007.75,4929986.25",0.5398119139130378
"685008.25,4929986.25",0.8638452333050578
"685008.75,4929986.25",0.08154164473924624
"685009.25,4929986.25",0.5645506748449914
"685009.75,4929986.25",0.4966256457837946
"685010.25,4929986.25",0.9678362130422368
"685010.75,4929986.25",0.9551344337323112
"685011.25,4929986.25",0.9641836831455434
"685011.75,4929986.25",0.39894072420852694
"685012.25,4929986.25",0.6267189456207897
"685012.75,4929986.25",0.6775232894689683
"685013.25,4929986.25",0.6894749074621973
"685013.75,4929986.25",0.9609737759824304
"685014.25,4929986.25",0.84557840967262
"685014.75,4929986.25",0.7223132638347244
"685015.25,4929986.25",0.7674415157690976
"685015.75,4929986.25",0.8570193280575396
"685016.25,4929986.25",0.46027870970710594
"685016.75,4929986.25",0.5317287974815635
"685017.25,4929986.25",0.6225602265322666
"685017.75,4929986.25",0.6398298092955561
"685018.25,4929986.25",0.6912518939198347
"685018.75,4929986.25",0.730395394712065
"685019.25,4929986.25",0.7667846889116359
"684999.75,4929985.75",0.886022925517375
"685000.25,4929985.75",0.8743494143737852
"685000.75,4929985.75",0.8199346849723259
"685001.25,4929985.75",0.8275039288747499
"685001.75,4929985.75",0.790721319857552
"685002.25,4929985.75",0.734046606462068
"685002.75,4929985.75",0.7936909066362736
"685003.25,4929985.75",0.8558297565732623
"685003.75,4929985.75",0.667708336118539
"685004.25,4929985.75",0.7464936571845991
"685004.75,4929985.75",0.8034594766758167
"685005.25,4929985.75",0.7694935508143232
"685005.75,4929985.75",0.7413611217770976
"685006.25,4929985.75",0.707810401447788
"685006.75,4929985.75",0.7058380555382151
"685007.25,4929985.75",0.6239146808029504
"685007.75,4929985.75",0.5434883075343766
"685008.25,4929985.75",0.47362642422327295
"685008.75,4929985.75",0.6089414335503096
"685009.25,4929985.75",0.6063552894436522
"685009.75,4929985.75",0.500771080132433
"685010.25,4929985.75",0.9378775190566643
"685010.75,4929985.75",0.22327321534928135
"685011.25,4929985.75",0.9607121461424659
"685011.75,4929985.75",0.8218801088952022
"685012.25,4929985.75",0.8572682898098616
"685012.75,4929985.75",0.9478528279143391
"685013.25,4929985.75",0.8753118976144929
"685013.75,4929985.75",0.9630086619487788
"685014.25,4929985.75",0.35276889438204556
"685014.75,4929985.75",0.756071778808884
"685015.25,4929985.75",0.47164141022605793
"685015.75,4929985.75",0.3436668308110636
"685016.25,4929985.75",0.5438053412843947
"685016.75,4929985.75",0.5923590882894262
"685017.25,4929985.75",0.6591659773915839
"685017.75,4929985.75",0.6898574658172959
"685018.25,4929985.75",0.7185938209060434
"685018.75,4929985.75",0.7444789340368869
"685019.25,4929985.75",0.80483004105371
"684999.75,4929985.25",0.8840977430039136
"685000.25,4929985.25",0.8659406228243627
"685000.75,4929985.25",0.8580185591425811
"685001.25,4929985.25",0.8525725317100887
"685001.75,4929985.25",0.8194443347894544
"685002.25,4929985.25",0.7803393560254053
"685002.75,4929985.25",0.7052304285806841
"685003.25,4929985.25",0.7099841359643406
"685003.75,4929985.25",0.7540635731562256
"685004.25,4929985.25",0.786956532238899
"685004.75,4929985.25",0.8027585152590506
"685005.25,4929985.25",0.7903915374296886
"685005.75,4929985.25",0.7782898117555214
"685006.25,4929985.25",0.7541126187522071
"685006.75,4929985.25",0.7082430646667475
"685007.25,4929985.25",0.652565250761945
"685007.75,4929985.25",0.5798776017339472
"685008.25,4929985.25",0.6739119561049907
"685008.75,4929985.25",0.7394624118558428
"685009.25,4929985.25",0.5848812672211229
"685009.75,4929985.25",0.5672173138134885
"685010.25,4929985.25",0.9308216833355711
"685010.75,4929985.25",0.9273001663473376
"685011.25,4929985.25",0.8293464720065303
"685011.75,4929985.25",0.9092584407425761
"685012.25,4929985.25",0.85666436375834
"685012.75,4929985.25",0.9002949230415623
"685013.25,4929985.25",0.8402711227743092
"685013.75,4929985.25",0.8671906978615965
"685014.25,4929985.25",0.668510679884047
"685014.75,4929985.25",0.7698900659785107
"685015.25,4929985.25",0.5794765784058565
"685015.75,4929985.25",0.5016204808097378
"685016.25,4929985.25",0.5908809649784881
"685016.75,4929985.25",0.6145811479557757
"685017.25,4929985.25",0.6797638121388035
"685017.75,4929985.25",0.7184967855407989
"685018.25,4929985.25",0.7358634036693328
"685018.75,4929985.25",0.7740057911766515
"685019.25,4929985.25",0.8216677869711912
"684999.75,4929984.75",0.9122301720411394
"685000.25,4929984.75",0.897652410117683
"685000.75,4929984.75",0.8475017099862112
"685001.25,4929984.75",0.8679188141597869
"685001.75,4929984.75",0.8435378325843691
"685002.25,4929984.75",0.8246432191757641
"685002.75,4929984.75",0.8257028457977393
"685003.25,4929984.75",0.7988551414101651
"685003.75,4929984.75",0.8078678590111094
"685004.25,4929984.75",0.8274944611336681
"685004.75,4929984.75",0.8250018843809732
"685005.25,4929984.75",0.8228754675644808
"685005.75,4929984.75",0.7973510098547395
"685006.25,4929984.75",0.7731767670974533
"685006.75,4929984.75",0.7654487741461607
"685007.25,4929984.75",0.6882577973389797
"685007.75,4929984.75",0.6323978350083821
"685008.25,4929984.75",0.6031628297472995
"685008.75,4929984.75",0.14448470152635529
"685009.25,4929984.75",0.8440082720485615
"685009.75,4929984.75",0.3500090561430051
"685010.25,4929984.75",0.6742572811533548
"685010.75,4929984.75",0.5616766249891595
"685011.25,4929984.75",0.890813836782522
"685011.75,4929984.75",0.43904681625748765
"685012.25,4929984.75",0.9670457109912197
"685012.75,4929984.75",0.7991551852622878
"685013.25,4929984.75",0.9379891047094212
"685013.75,4929984.75",0.9391017401533593
"685014.25,4929984.75",0.8559211794073833
"685014.75,4929984.75",0.7523588533752571
"685015.25,4929984.75",0.48574532614898697
"685015.75,4929984.75",0.5120276265132205
"685016.25,4929984.75",0.6041740022522928
"685016.75,4929984.75",0.6646088044775155
"685017.25,4929984.75",0.7175341942840683
"685017.75,4929984.75",0.7430845059343483
"685018.25,4929984.75",0.7699322103219224
"685018.75,4929984.75",0.8012506827976156
"685019.25,4929984.75",0.8167286502249762
"684999.75,4929984.25",0.9218082936654243
"685000.25,4929984.25",0.8862480235450514
"685000.75,4929984.25",0.8974071492713703
"685001.25,4929984.25",0.879707719878166
"685001.75,4929984.25",0.8711760390229603
"685002.25,4929984.25",0.8443283346353863
"685002.75,4929984.25",0.8638452333050578
"685003.25,4929984.25",0.8425405917152204
"685003.75,4929984.25",0.8501935308260439
"685004.25,4929984.25",0.8289859246014512
"685004.75,4929984.25",0.8507589348493846
"685005.25,4929984.25",0.8457851484907515
"685005.75,4929984.25",0.8125068438891789
"685006.25,4929984.25",0.7911404886157176
"685006.75,4929984.25",0.7558108210381219
"685007.25,4929984.25",0.7087372872653821
"685007.75,4929984.25",0.6639331055222885
"685008.25,4929984.25",0.5713717748192803
"685008.75,4929984.25",0.4351270837325704
"685009.25,4929984.25",0.9945319910427336
"685009.75,4929984.25",0.6208459687376311
"685010.25,4929984.25",0.684081468882422
"685010.75,4929984.25",0.6003844165198191
"685011.25,4929984.25",0.8433291035503446
"685011.75,4929984.25",0.9021816915428655
"685012.25,4929984.25",0.8721518161325871
"685012.75,4929984.25",0.6952852126310222
"685013.25,4929984.25",0.8584137561600782
"685013.75,4929984.25",0.5245200203940139
"685014.25,4929984.25",0.9537892055297029
"685014.75,4929984.25",0.5774657104681028
"685015.25,4929984.25",0.49815525358023066
"685015.75,4929984.25",0.5890056544341599
"685016.25,4929984.25",0.6423163897596115
"685016.75,4929984.25",0.6779018417513204
"685017.25,4929984.25",0.7221731791621379
"685017.75,4929984.25",0.7534916516378313
"685018.25,4929984.25",0.7754002192791901
"685018.75,4929984.25",0.8271357959284591
"685019.25,4929984.25",0.8398249071507421
"684999.75,4929983.75",0.896861908066666
"685000.25,4929983.75",0.9290293959304399
"685000.75,4929983.75",0.9000094294769524
"685001.25,4929983.75",0.8709566321171862
"685001.75,4929983.75",0.8698786462856661
"685002.25,4929983.75",0.8479700786443073
"685002.75,4929983.75",0.8220484337011758
"685003.25,4929983.75",0.8496866401397669
"685003.75,4929983.75",0.8145051980432394
"685004.25,4929983.75",0.8629796774135716
"685004.75,4929983.75",0.8301119002022342
"685005.25,4929983.75",0.830752358066044
"685005.75,4929983.75",0.8249841972406308
"685006.25,4929983.75",0.7916088572738137
"685006.75,4929983.75",0.7625762227326839
"685007.25,4929983.75",0.7652553754848742
"685007.75,4929983.75",0.7107702910318604
"685008.25,4929983.75",0.6549203879213442
"685008.75,4929983.75",0.5786062172411406
"685009.25,4929983.75",0.705034939998044
"685009.75,4929983.75",0.25776269679208497
"685010.25,4929983.75",0.6751538643420283
"685010.75,4929983.75",0.7170343591543101
"685011.25,4929983.75",0.7325747123344972
"685011.75,4929983.75",0.8294965161937377
"685012.25,4929983.75",0.853762103194366
"685012.75,4929983.75",0.7661492963884524
"685013.25,4929983.75",0.8587358895529992
"685013.75,4929983.75",0.8515147872879837
"685014.25,4929983.75",0.4314282235917706
"685014.75,4929983.75",0.7497063809367567
"685015.25,4929983.75",0.569483124118107
"685015.75,4929983.75",0.6542016587740326
"685016.25,4929983.75",0.6851229440163357
"685016.75,4929983.75",0.7206950558511996
"685017.25,4929983.75",0.7635986454731686
"685017.75,4929983.75",0.7926312800142983
"685018.25,4929983.75",0.8075091938059004
"685018.75,4929983.75",0.8253441805925303
"685019.25,4929983.75",0.8648809962023875
"684999.75,4929983.25",0.9310277500845002
"685000.25,4929983.25",0.9177347128106952
"685000.75,4929983.25",0.8907899730578764
"685001.25,4929983.25",0.8697689428327791
"685001.75,4929983.25",0.8353913429441137
"685002.25,4929983.25",0.8623227425400872
"685002.75,4929983.25",0.8496999802966119
"685003.25,4929983.25",0.865336696772841
"685003.75,4929983.25",0.8566241310400424
"685004.25,4929983.25",0.8462169853365595
"685004.75,4929983.25",0.8798174233310531
"685005.25,4929983.25",0.8547613342794076
"685005.75,4929983.25",0.8495000641402713
"685006.25,4929983.25",0.8449195925992653
"685006.75,4929983.25",0.7816959341689655
"685007.25,4929983.25",0.7821277710147735
"685007.75,4929983.25",0.7275222518195887
"685008.25,4929983.25",0.740393511467667
"685008.75,4929983.25",0.6556037953870352
"685009.25,4929983.25",0.6230730432345983
"685009.75,4929983.25",0.5072783467032644
"685010.25,4929983.25",0.48935757478688136
"685010.75,4929983.25",0.8999495979931983
"685011.25,4929983.25",0.33165934456006213
"685011.75,4929983.25",0.35867913815334995
"685012.25,4929983.25",0.9297303573472061
"685012.75,4929983.25",0.49739696225211505
"685013.25,4929983.25",0.9160546831275236
"685013.75,4929983.25",0.1280379327741546
"685014.25,4929983.25",0.5836480209989816
"685014.75,4929983.25",0.5116304392798305
"685015.25,4929983.25",0.6313165682400985
"685015.75,4929983.25",0.6938221695922895
"685016.25,4929983.25",0.7308020496865371
"685016.75,4929983.25",0.7503056081993638
"685017.25,4929983.25",0.7998523822793138
"685017.75,4929983.25",0.8171219650426031
"685018.25,4929983.25",0.8358483616612578
"685018.75,4929983.25",0.839034405099725
"685019.25,4929983.25",0.8689545770571167
"684999.75,4929982.75",0.8982563361692047
"685000.25,4929982.75",0.8863192049697574
"685000.75,4929982.75",0.8827398467136629
"685001.25,4929982.75",0.8346903815273475
"685001.75,4929982.75",0.8495365959525595
"685002.25,4929982.75",0.8384551691460004
"685002.75,4929982.75",0.8535351229668194
"685003.25,4929982.75",0.8578963419060005
"685003.75,4929982.75",0.8712730743882048
"685004.25,4929982.75",0.8625605086554061
"685004.75,4929982.75",0.8680158495250315
"685005.25,4929982.75",0.8667311248753797
"685005.75,4929982.75",0.8659406228243627
"685006.25,4929982.75",0.8428443658985967
"685006.75,4929982.75",0.7794486182625829
"685007.25,4929982.75",0.7756971708007749
"685007.75,4929982.75",0.7699541918466978
"685008.25,4929982.75",0.764499523046275
"685008.75,4929982.75",0.7141541607053148
"685009.25,4929982.75",0.6912533923621887
"685009.75,4929982.75",0.6317404357871786
"685010.25,4929982.75",0.6092391923297894
"685010.75,4929982.75",0.5664326380730652
"685011.25,4929982.75",0.47914591766603865
"685011.75,4929982.75",0.5698008299373277
"685012.25,4929982.75",0.3675506606565011
"685012.75,4929982.75",0.664321992766215
"685013.25,4929982.75",0.37943592967092216
"685013.75,4929982.75",0.6810493631616068
"685014.25,4929982.75",0.6620266870905696
"685014.75,4929982.75",0.6364645337257987
"685015.25,4929982.75",0.708509634968633
"685015.75,4929982.75",0.7599317195929114
"685016.25,4929982.75",0.7703388652963943
"685016.75,4929982.75",0.8031354610830257
"685017.25,4929982.75",0.8235525652566015
"685017.75,4929982.75",0.8339597109600844
"685018.25,4929982.75",0.8444638920288118
"685018.75,4929982.75",0.8562654658348334
"685019.25,4929982.75",0.8689545770571167
"684999.75,4929982.25",0.9123013534658455
"685000.25,4929982.25",0.9073275671072123
"685000.75,4929982.25",0.8730395078527976
"685001.25,4929982.25",0.8332959534248087
"685001.75,4929982.25",0.7809691188116606
"685002.25,4929982.25",0.7548181620466227
"685002.75,4929982.25",0.794574230258305
"685003.25,4929982.25",0.8206414918149435
"685003.75,4929982.25",0.8507589348493846
"685004.25,4929982.25",0.8576213719091911
"685004.75,4929982.25",0.861263115918112
"685005.25,4929982.25",0.8485374728835408
"685005.75,4929982.25",0.8767796053736537
"685006.25,4929982.25",0.8622775693598688
"685006.75,4929982.25",0.8481056360377328
"685007.25,4929982.25",0.8241438232204805
"685007.75,4929982.25",0.8050374519410441
"685008.25,4929982.25",0.7854108498184853
"685008.75,4929982.25",0.7628259111526967
"685009.25,4929982.25",0.7321134546498786
"685009.75,4929982.25",0.718498283983153
"685010.25,4929982.25",0.6748261738349425
"685010.75,4929982.25",0.6481676543144247
"685011.25,4929982.25",0.650238453441393
"685011.75,4929982.25",0.6438078532273946
"685012.25,4929982.25",0.6022930600615835
"685012.75,4929982.25",0.61408550750499
"685013.25,4929982.25",0.5973539233153683
"685013.75,4929982.25",0.638961538052194
"685014.25,4929982.25",0.7325818233079748
"685014.75,4929982.25",0.7452709345302578
"685015.25,4929982.25",0.7794486182625829
"685015.75,4929982.25",0.7808430463651217
"685016.25,4929982.25",0.809566061297024
"685016.75,4929982.25",0.8222551725193072
"685017.25,4929982.25",0.8440667047954217
"685017.75,4929982.25",0.8648809962023875
"685018.25,4929982.25",0.8840007076386691
"685018.75,4929982.25",0.8853951357412078
"685019.25,4929982.25",0.889468716595937
"684999.75,4929981.75",0.919129140913234
"685000.25,4929981.75",0.9073275671072123
"685000.75,4929981.75",0.8763225866565097
"685001.25,4929981.75",0.8099745984713662
"685001.75,4929981.75",0.7432491809992712
"685002.25,4929981.75",0.9808071169231207
"685002.75,4929981.75",0.6707216988722934
"685003.25,4929981.75",0.8074840119345642
"685003.75,4929981.75",0.8160995423021183
"685004.25,4929981.75",0.8649395095394509
"685004.75,4929981.75",0.853869924447383
"685005.25,4929981.75",0.8826062795361304
"685005.75,4929981.75",0.872115438624248
"685006.25,4929981.75",0.8749879900377249
"685006.75,4929981.75",0.8529697189434788
"685007.25,4929981.75",0.8340567463253289
"685007.75,4929981.75",0.7990752203851417
"685008.25,4929981.75",0.8072090419377548
"685008.75,4929981.75",0.7749066687497579
"685009.25,4929981.75",0.7768665008756371
"685009.75,4929981.75",0.7658939511488138
"685010.25,4929981.75",0.7221746776044919
"685010.75,4929981.75",0.7135591472369378
"685011.25,4929981.75",0.734457133852303
"685011.75,4929981.75",0.7129937432135972
"685012.25,4929981.75",0.708920162358868
"685012.75,4929981.75",0.6993168588632473
"685013.25,4929981.75",0.7190271561942055
"685013.75,4929981.75",0.7563657014936619
"685014.25,4929981.75",0.74855401333397
"685014.75,4929981.75",0.7849166272198508
"685015.25,4929981.75",0.7981963243368105
"685015.75,4929981.75",0.8172190004078477
"685016.25,4929981.75",0.8340567463253289
"685016.75,4929981.75",0.8444638920288118
"685017.25,4929981.75",0.8544738504989046
"685017.75,4929981.75",0.875385177271115
"685018.25,4929981.75",0.8853951357412078
"685018.75,4929981.75",0.8853951357412078
"685019.25,4929981.75",0.8980842469634911
"684999.75,4929981.25",0.918263585021748
"685000.25,4929981.25",0.9259915779730404
"685000.75,4929981.25",0.8946019240726412
"685001.25,4929981.25",0.8285635554967251
"685001.75,4929981.25",0.7181939183207773
"685002.25,4929981.25",0.8541523891751862
"685002.75,4929981.25",0.6603278933256554
"685003.25,4929981.25",0.7945698026846048
"685003.75,4929981.25",0.861263115918112
"685004.25,4929981.25",0.8994055034254307
"685004.75,4929981.25",0.8974803209119694
"685005.25,4929981.25",0.8868519495965731
"685005.75,4929981.25",0.8788018232523597
"685006.25,4929981.25",0.8737656511408999
"685006.75,4929981.25",0.8868519495965731
"685007.25,4929981.25",0.8768766407388984
"685007.75,4929981.25",0.8292060035764278
"685008.25,4929981.25",0.8332662442743118
"685008.75,4929981.25",0.8104921207414666
"685009.25,4929981.25",0.8112959629493288
"685009.75,4929981.25",0.7982096644936556
"685010.25,4929981.25",0.8046269245508091
"685010.75,4929981.25",0.7626242125019468
"685011.25,4929981.25",0.7632147983966235
"685011.75,4929981.25",0.7667728471971448
"685012.25,4929981.25",0.7617366750856853
"685012.75,4929981.25",0.7651034490977967
"685013.25,4929981.25",0.7696587387674669
"685013.75,4929981.25",0.8205020792115596
"685014.25,4929981.25",0.8068251948612097
"685014.75,4929981.25",0.8250440287243848
"685015.25,4929981.25",0.8314746289383831
"685015.75,4929981.25",0.841881774641866
"685016.25,4929981.25",0.8563625012000781
"685016.75,4929981.25",0.8767796053736537
"685017.25,4929981.25",0.8767796053736537
"685017.75,4929981.25",0.8808531862283827
"685018.25,4929981.25",0.8822476143309214
"685018.75,4929981.25",0.8908631446984755
"685019.25,4929981.25",0.9185983865023114
"684999.75,4929980.75",0.936495759041768
"685000.25,4929980.75",0.9260886133382851
"685000.75,4929980.75",0.919092609100946
"685001.25,4929980.75",0.8883048910361754
"685001.75,4929980.75",0.8317629390920376
"685002.25,4929980.75",0.8284923740720191
"685002.75,4929980.75",0.8249005020322313
"685003.25,4929980.75",0.8450292960521523
"685003.75,4929980.75",0.8785326986814015
"685004.25,4929980.75",0.8931816420295638
"685004.75,4929980.75",0.8990468382202218
"685005.25,4929980.75",0.8945048887073965
"685005.75,4929980.75",0.8919227713204508
"685006.25,4929980.75",0.8877521551004772
"685006.75,4929980.75",0.8958993168099353
"685007.25,4929980.75",0.8635969436219384
"685007.75,4929980.75",0.8732002471175593
"685008.25,4929980.75",0.8508944922428102
"685008.75,4929980.75",0.8364137656845982
"685009.25,4929980.75",0.8122585542060594
"685009.75,4929980.75",0.8173160357730921
"685010.25,4929980.75",0.8355482097931123
"685010.75,4929980.75",0.826535492192168
"685011.25,4929980.75",0.7968152363911167
"685011.75,4929980.75",0.8060213526533477
"685012.25,4929980.75",0.7991722557503863
"685012.75,4929980.75",0.8164284983568306
"685013.25,4929980.75",0.830609073046897
"685013.75,4929980.75",0.8251410640896294
"685014.25,4929980.75",0.8355482097931123
"685014.75,4929980.75",0.8473497835991338
"685015.25,4929980.75",0.8369426378956509
"685015.75,4929980.75",0.8808531862283827
"685016.25,4929980.75",0.8749879900377249
"685016.75,4929980.75",0.8767796053736537
"685017.25,4929980.75",0.8853951357412078
"685017.75,4929980.75",0.9045148471774894
"685018.25,4929980.75",0.8972937449124739
"685018.75,4929980.75",0.8972937449124739
"685019.25,4929980.75",0.901367325767203
"684999.75,4929980.25",0.9529363177258593
"685000.25,4929980.25",0.922844056562754
"685000.75,4929980.25",0.9270146727827276
"685001.25,4929980.25",0.9019327297905436
"685001.75,4929980.25",0.8950702927307372
"685002.25,4929980.25",0.8845667837312123
"685002.75,4929980.25",0.8804798627196382
"685003.25,4929980.25",0.883171683559471
"685003.75,4929980.25",0.8800241621491847
"685004.25,4929980.25",0.8875800658947636
"685004.75,4929980.25",0.9181665496565034
"685005.25,4929980.25",0.919485923918573
"685005.75,4929980.25",0.9300651588277696
"685006.25,4929980.25",0.9082662946392976
"685006.75,4929980.25",0.8878491904657219
"685007.25,4929980.25",0.8762860548442217
"685007.75,4929980.25",0.8880742884933982
"685008.25,4929980.25",0.8786682560748271
"685008.75,4929980.25",0.860113948661886
"685009.25,4929980.25",0.8326756583796352
"685009.75,4929980.25",0.8445609273940563
"685010.25,4929980.25",0.8427693120581276
"685010.75,4929980.25",0.8497068029584031
"685011.25,4929980.25",0.8260199601379605
"685011.75,4929980.25",0.8237466359870905
"685012.25,4929980.25",0.8396217906478411
"685012.75,4929980.25",0.8550651084627838
"685013.25,4929980.25",0.8445609273940563
"685013.75,4929980.25",0.8337565944571834
"685014.25,4929980.25",0.863790342283225
"685014.75,4929980.25",0.8728030598841692
"685015.25,4929980.25",0.8768766407388984
"685015.75,4929980.25",0.8872837864423813
"685016.25,4929980.25",0.8908631446984755
"685016.75,4929980.25",0.8972937449124739
"685017.25,4929980.25",0.8972937449124739
"685017.75,4929980.25",0.9045148471774894
"685018.25,4929980.25",0.9145248056475822
"685018.75,4929980.25",0.9295709362291349
"685019.25,4929980.25",0.9336445170838639
